{"cameraMode":{"drawMode":0,"name":"Shaded","section":"Shading Mode"},"sceneLighting":true,"audioPlay":false,"sceneViewState":{"m_AlwaysRefresh":false,"showFog":true,"showSkybox":true,"showFlares":true,"showImageEffects":true,"showParticleSystems":true,"showVisualEffectGraphs":true,"m_FxEnabled":true},"in2DMode":false,"pivot":{"x":0.7047061920166016,"y":-0.04165840148925781,"z":-0.6755404472351074},"rotation":{"x":-0.09580140560865402,"y":0.8583791255950928,"z":-0.17383192479610444,"w":-0.4730655550956726},"size":5.385678768157959,"orthographic":false}